file_name,time_strap,link
Jacobi矩阵与多元函数微分.pdf,1633233746,https://yan-blog.oss-cn-beijing.aliyuncs.com/files/Jacobi%E7%9F%A9%E9%98%B5%E4%B8%8E%E5%A4%9A%E5%85%83%E5%87%BD%E6%95%B0%E5%BE%AE%E5%88%86.pdf
含参变量反常积分的一致收敛.pdf,1637476100,https://yan-blog.oss-cn-beijing.aliyuncs.com/files/%E5%90%AB%E5%8F%82%E5%8F%98%E9%87%8F%E5%8F%8D%E5%B8%B8%E7%A7%AF%E5%88%86%E7%9A%84%E4%B8%80%E8%87%B4%E6%94%B6%E6%95%9B.pdf
数学分析2期中考试习题复习.pdf,1620296040,https://yan-blog.oss-cn-beijing.aliyuncs.com/files/%E6%95%B0%E5%AD%A6%E5%88%86%E6%9E%902%E6%9C%9F%E4%B8%AD%E8%80%83%E8%AF%95%E4%B9%A0%E9%A2%98%E5%A4%8D%E4%B9%A0.pdf
杨乐院士讲座.mp4,1635047182,https://yan-blog.oss-cn-beijing.aliyuncs.com/files/%E6%9D%A8%E4%B9%90%E9%99%A2%E5%A3%AB%E8%AE%B2%E5%BA%A7.mp4
欧氏空间中点列的极限论.pdf,1632474465,https://yan-blog.oss-cn-beijing.aliyuncs.com/files/%E6%AC%A7%E6%B0%8F%E7%A9%BA%E9%97%B4%E4%B8%AD%E7%82%B9%E5%88%97%E7%9A%84%E6%9E%81%E9%99%90%E8%AE%BA.pdf
每日一题：2021年10月14日.pdf,1634189902,https://yan-blog.oss-cn-beijing.aliyuncs.com/files/%E6%AF%8F%E6%97%A5%E4%B8%80%E9%A2%98%EF%BC%9A2021%E5%B9%B410%E6%9C%8814%E6%97%A5.pdf
每日一题：2021年10月17日.pdf,1634293655,https://yan-blog.oss-cn-beijing.aliyuncs.com/files/%E6%AF%8F%E6%97%A5%E4%B8%80%E9%A2%98%EF%BC%9A2021%E5%B9%B410%E6%9C%8817%E6%97%A5.pdf
每日一题：2021年10月23日.pdf,1634981638,https://yan-blog.oss-cn-beijing.aliyuncs.com/files/%E6%AF%8F%E6%97%A5%E4%B8%80%E9%A2%98%EF%BC%9A2021%E5%B9%B410%E6%9C%8823%E6%97%A5.pdf
每日一题：2021年10月28日.pdf,1635320549,https://yan-blog.oss-cn-beijing.aliyuncs.com/files/%E6%AF%8F%E6%97%A5%E4%B8%80%E9%A2%98%EF%BC%9A2021%E5%B9%B410%E6%9C%8828%E6%97%A5.pdf
每日一题：2021年11月11日.pdf,1636464234,https://yan-blog.oss-cn-beijing.aliyuncs.com/files/%E6%AF%8F%E6%97%A5%E4%B8%80%E9%A2%98%EF%BC%9A2021%E5%B9%B411%E6%9C%8811%E6%97%A5.pdf
每日一题：2021年11月16日.pdf,1636953655,https://yan-blog.oss-cn-beijing.aliyuncs.com/files/%E6%AF%8F%E6%97%A5%E4%B8%80%E9%A2%98%EF%BC%9A2021%E5%B9%B411%E6%9C%8816%E6%97%A5.pdf
每日一题：2021年11月1日.pdf,1635776055,https://yan-blog.oss-cn-beijing.aliyuncs.com/files/%E6%AF%8F%E6%97%A5%E4%B8%80%E9%A2%98%EF%BC%9A2021%E5%B9%B411%E6%9C%881%E6%97%A5.pdf
每日一题：2021年11月26日.pdf,1637835773,https://yan-blog.oss-cn-beijing.aliyuncs.com/files/%E6%AF%8F%E6%97%A5%E4%B8%80%E9%A2%98%EF%BC%9A2021%E5%B9%B411%E6%9C%8826%E6%97%A5.pdf
每日一题：2021年11月30日.pdf,1638093960,https://yan-blog.oss-cn-beijing.aliyuncs.com/files/%E6%AF%8F%E6%97%A5%E4%B8%80%E9%A2%98%EF%BC%9A2021%E5%B9%B411%E6%9C%8830%E6%97%A5.pdf
